data,valor,fonte,indicador
2015-01-01 02:00:00,472913.9,IPEAdata,PIB mensal
2015-02-01 02:00:00,460156.7,IPEAdata,PIB mensal
2015-03-01 03:00:00,501752.2,IPEAdata,PIB mensal
2015-04-01 03:00:00,486614.6,IPEAdata,PIB mensal
2015-05-01 03:00:00,483239.7,IPEAdata,PIB mensal
2015-06-01 03:00:00,486647.5,IPEAdata,PIB mensal
2015-07-01 03:00:00,502275.2,IPEAdata,PIB mensal
2015-08-01 03:00:00,492505.7,IPEAdata,PIB mensal
2015-09-01 03:00:00,496004.7,IPEAdata,PIB mensal
2015-10-01 03:00:00,518828.9,IPEAdata,PIB mensal
2015-11-01 02:00:00,513819.8,IPEAdata,PIB mensal
2015-12-01 02:00:00,521918.7,IPEAdata,PIB mensal
2016-01-01 02:00:00,490284.0,IPEAdata,PIB mensal
2016-02-01 02:00:00,491011.7,IPEAdata,PIB mensal
2016-03-01 03:00:00,516985.9,IPEAdata,PIB mensal
2016-04-01 03:00:00,508058.7,IPEAdata,PIB mensal
2016-05-01 03:00:00,513267.5,IPEAdata,PIB mensal
2016-06-01 03:00:00,536459.3,IPEAdata,PIB mensal
2016-07-01 03:00:00,532947.8,IPEAdata,PIB mensal
2016-08-01 03:00:00,534761.8,IPEAdata,PIB mensal
2016-09-01 03:00:00,509975.0,IPEAdata,PIB mensal
2016-10-01 03:00:00,525162.7,IPEAdata,PIB mensal
2016-11-01 02:00:00,541530.7,IPEAdata,PIB mensal
2016-12-01 02:00:00,565780.5,IPEAdata,PIB mensal
2017-01-01 02:00:00,513964.1,IPEAdata,PIB mensal
2017-02-01 02:00:00,511058.3,IPEAdata,PIB mensal
2017-03-01 03:00:00,560651.0,IPEAdata,PIB mensal
2017-04-01 03:00:00,537774.6,IPEAdata,PIB mensal
2017-05-01 03:00:00,549610.6,IPEAdata,PIB mensal
2017-06-01 03:00:00,543344.4,IPEAdata,PIB mensal
2017-07-01 03:00:00,548424.2,IPEAdata,PIB mensal
2017-08-01 03:00:00,555832.1,IPEAdata,PIB mensal
2017-09-01 03:00:00,544378.9,IPEAdata,PIB mensal
2017-10-01 03:00:00,567963.4,IPEAdata,PIB mensal
2017-11-01 02:00:00,574078.2,IPEAdata,PIB mensal
2017-12-01 02:00:00,578399.2,IPEAdata,PIB mensal
2018-01-01 02:00:00,552500.9,IPEAdata,PIB mensal
2018-02-01 02:00:00,540659.0,IPEAdata,PIB mensal
2018-03-01 03:00:00,588923.2,IPEAdata,PIB mensal
2018-04-01 03:00:00,587241.8,IPEAdata,PIB mensal
2018-05-01 03:00:00,561801.0,IPEAdata,PIB mensal
2018-06-01 03:00:00,585056.2,IPEAdata,PIB mensal
2018-07-01 03:00:00,592387.8,IPEAdata,PIB mensal
2018-08-01 03:00:00,598809.3,IPEAdata,PIB mensal
2018-09-01 03:00:00,576658.6,IPEAdata,PIB mensal
2018-10-01 03:00:00,611643.2,IPEAdata,PIB mensal
2018-11-01 03:00:00,607498.0,IPEAdata,PIB mensal
2018-12-01 02:00:00,600962.1,IPEAdata,PIB mensal
2019-01-01 02:00:00,577597.5,IPEAdata,PIB mensal
2019-02-01 02:00:00,577917.6,IPEAdata,PIB mensal
2019-03-01 03:00:00,602038.4,IPEAdata,PIB mensal
2019-04-01 03:00:00,612833.0,IPEAdata,PIB mensal
2019-05-01 03:00:00,615942.1,IPEAdata,PIB mensal
2019-06-01 03:00:00,597986.1,IPEAdata,PIB mensal
2019-07-01 03:00:00,632392.9,IPEAdata,PIB mensal
2019-08-01 03:00:00,630400.4,IPEAdata,PIB mensal
2019-09-01 03:00:00,617816.9,IPEAdata,PIB mensal
2019-10-01 03:00:00,648289.4,IPEAdata,PIB mensal
2019-11-01 03:00:00,637823.8,IPEAdata,PIB mensal
2019-12-01 03:00:00,638092.9,IPEAdata,PIB mensal
2020-01-01 03:00:00,614107.6,IPEAdata,PIB mensal
2020-02-01 03:00:00,618947.4,IPEAdata,PIB mensal
2020-03-01 03:00:00,635039.5,IPEAdata,PIB mensal
2020-04-01 03:00:00,569068.3,IPEAdata,PIB mensal
2020-05-01 03:00:00,576129.3,IPEAdata,PIB mensal
2020-06-01 03:00:00,607526.0,IPEAdata,PIB mensal
2020-07-01 03:00:00,644154.5,IPEAdata,PIB mensal
2020-08-01 03:00:00,637417.6,IPEAdata,PIB mensal
2020-09-01 03:00:00,647751.4,IPEAdata,PIB mensal
2020-10-01 03:00:00,673733.1,IPEAdata,PIB mensal
2020-11-01 03:00:00,679792.6,IPEAdata,PIB mensal
2020-12-01 03:00:00,705929.8,IPEAdata,PIB mensal
2021-01-01 03:00:00,679029.1,IPEAdata,PIB mensal
2021-02-01 03:00:00,708094.8,IPEAdata,PIB mensal
2021-03-01 03:00:00,769546.1,IPEAdata,PIB mensal
2021-04-01 03:00:00,738739.3,IPEAdata,PIB mensal
2021-05-01 03:00:00,730234.1,IPEAdata,PIB mensal
2021-06-01 03:00:00,734665.4,IPEAdata,PIB mensal
2021-07-01 03:00:00,765717.7,IPEAdata,PIB mensal
2021-08-01 03:00:00,767568.0,IPEAdata,PIB mensal
2021-09-01 03:00:00,762565.4,IPEAdata,PIB mensal
2021-10-01 03:00:00,772223.7,IPEAdata,PIB mensal
2021-11-01 03:00:00,787898.1,IPEAdata,PIB mensal
2021-12-01 03:00:00,795860.3,IPEAdata,PIB mensal
2022-01-01 03:00:00,722662.2,IPEAdata,PIB mensal
2022-02-01 03:00:00,754625.7,IPEAdata,PIB mensal
2022-03-01 03:00:00,842240.2,IPEAdata,PIB mensal
2022-04-01 03:00:00,832817.1,IPEAdata,PIB mensal
2022-05-01 03:00:00,841167.6,IPEAdata,PIB mensal
2022-06-01 03:00:00,843496.7,IPEAdata,PIB mensal
2022-07-01 03:00:00,868926.5,IPEAdata,PIB mensal
2022-08-01 03:00:00,873931.8,IPEAdata,PIB mensal
2022-09-01 03:00:00,858323.7,IPEAdata,PIB mensal
2022-10-01 03:00:00,879662.1,IPEAdata,PIB mensal
2022-11-01 03:00:00,881253.6,IPEAdata,PIB mensal
2022-12-01 03:00:00,880569.4,IPEAdata,PIB mensal
2023-01-01 03:00:00,810360.0,IPEAdata,PIB mensal
2023-02-01 03:00:00,831187.6,IPEAdata,PIB mensal
2023-03-01 03:00:00,939470.5,IPEAdata,PIB mensal
2023-04-01 03:00:00,910660.4,IPEAdata,PIB mensal
2023-05-01 03:00:00,911300.2,IPEAdata,PIB mensal
2023-06-01 03:00:00,905619.3,IPEAdata,PIB mensal
2023-07-01 03:00:00,921215.8,IPEAdata,PIB mensal
2023-08-01 03:00:00,932678.9,IPEAdata,PIB mensal
2023-09-01 03:00:00,915550.7,IPEAdata,PIB mensal
2023-10-01 03:00:00,952789.9,IPEAdata,PIB mensal
2023-11-01 03:00:00,961733.7,IPEAdata,PIB mensal
2023-12-01 03:00:00,950777.7,IPEAdata,PIB mensal
2024-01-01 03:00:00,892017.7,IPEAdata,PIB mensal
2024-02-01 03:00:00,903497.0,IPEAdata,PIB mensal
2024-03-01 03:00:00,969318.0,IPEAdata,PIB mensal
2024-04-01 03:00:00,992723.3,IPEAdata,PIB mensal
2024-05-01 03:00:00,965576.5,IPEAdata,PIB mensal
2024-06-01 03:00:00,976458.9,IPEAdata,PIB mensal
2024-07-01 03:00:00,1018124.5,IPEAdata,PIB mensal
2024-08-01 03:00:00,1004149.6,IPEAdata,PIB mensal
2024-09-01 03:00:00,993661.8,IPEAdata,PIB mensal
2024-10-01 03:00:00,1044783.5,IPEAdata,PIB mensal
2024-11-01 03:00:00,1019462.8,IPEAdata,PIB mensal
2024-12-01 03:00:00,999476.9,IPEAdata,PIB mensal
